New column 0,New column 1,New column 2,New column 3,New column 3 Url
"HP Smart Tank 589 All-in-one WiFi Colour Printer (Upto 6000 Black and 6000 Colour Pages of Ink Included). - Print, Scan & Copy for Office/Home","14,099",4.3 out of 5 stars,80,https://www.amazon.in/HP-Smart-Colour-Printer-Included/dp/B0BN1XT6TF/ref=sr_1_2?crid=3147Q87JZY5FV&keywords=HP+Printer&qid=1685356073&sprefix=hp+print%2Caps%2C595&sr=8-2#customerReviews
"HP Deskjet 2331 Colour Printer, Scanner and Copier for Home/Small Office, Compact Size, Reliable, Easy Set-Up Through HP Smart App On Your Pc Connected Through USB, Ideal for Home.",,3.5 out of 5 stars,"22,416",https://www.amazon.in/HP-DeskJet-Inkjet-Colour-Printer/dp/B08D9NDZ1Y/ref=sr_1_3?crid=3147Q87JZY5FV&keywords=HP+Printer&qid=1685356073&sprefix=hp+print%2Caps%2C595&sr=8-3#customerReviews
"HP Deskjet 2723 Printer, Copy, Scan, Dual Band WiFi, Bluetooth, USB, Simple Setup Smart App, Ideal for Home.",,3.6 out of 5 stars,"4,568",https://www.amazon.in/HP-DeskJet-2723-Wireless-Printer/dp/B08D9MNH4B/ref=sr_1_4?crid=3147Q87JZY5FV&keywords=HP+Printer&qid=1685356073&sprefix=hp+print%2Caps%2C595&sr=8-4#customerReviews
"HP Smart Tank 529 All-in-one Colour Printer (Upto 6000 Black and 6000 Colour Pages Included in The Box). - Print, Scan & Copy for Office/Home",,4.0 out of 5 stars,"1,531",https://www.amazon.in/HP-Smart-Colour-Printer-Included/dp/B0BN287KYS/ref=sr_1_5?crid=3147Q87JZY5FV&keywords=HP+Printer&qid=1685356073&sprefix=hp+print%2Caps%2C595&sr=8-5#customerReviews
"HP Laserjet 108w Single Function Monochrome Laser Wi-Fi Printer For Home/Office, Compact Design, Printing","12,999",4.2 out of 5 stars,"1,542",https://www.amazon.in/HP-4ZB80A-Laser-108w-Printer/dp/B07T2FJGDV/ref=sr_1_6?crid=3147Q87JZY5FV&keywords=HP+Printer&qid=1685356073&sprefix=hp+print%2Caps%2C595&sr=8-6#customerReviews
HP Laserjet P1108 Single Function Monochrome Laser Printer,,4.4 out of 5 stars,"1,722",https://www.amazon.in/HP-LaserJet-P1108-Function-Monochrome/dp/B008HDF4J4/ref=sr_1_7?crid=3147Q87JZY5FV&keywords=HP+Printer&qid=1685356073&sprefix=hp+print%2Caps%2C595&sr=8-7#customerReviews
HP Laserjet Pro M126nw Multi-Function Monochrome Laser Printer,"21,166",4.2 out of 5 stars,"5,334",https://www.amazon.in/HP-LaserJet-M126nw-Multi-Function-Monochrome/dp/B00LO3NQYY/ref=sr_1_8?crid=3147Q87JZY5FV&keywords=HP+Printer&qid=1685356073&sprefix=hp+print%2Caps%2C595&sr=8-8#customerReviews
"HP Ink Advantage 4178 Printer, Automatic Document Feeder, Copy, Scan, Dual Band. WiFi, Bluetooth, USB, Simple Setup Smart App, Ideal for Home","7,599",3.8 out of 5 stars,"5,854",https://www.amazon.in/HP-DeskJet-4178-Wireless-Advantage/dp/B08CYLT7BK/ref=sr_1_9?crid=3147Q87JZY5FV&keywords=HP+Printer&qid=1685356073&sprefix=hp+print%2Caps%2C595&sr=8-9#customerReviews
"HP Ink Tank 316 All-in-one Colour Printer with Upto 7500 Black and 8000 Colour Pages Included in The Box - Print, Scan & Copy for Office/Home","10,899",4.2 out of 5 stars,"4,549",https://www.amazon.in/HP-Ink-Tank-316-Printer/dp/B08C3J8F4M/ref=sr_1_10?crid=3147Q87JZY5FV&keywords=HP+Printer&qid=1685356073&sprefix=hp+print%2Caps%2C595&sr=8-10#customerReviews
"HP Deskjet 1212 Printer for Home for Dependable Printing, Simple Setup for Everyday Usage, Ideal for Home.","2,699",3.5 out of 5 stars,"3,551",https://www.amazon.in/HP-DeskJet-1212-Function-Printer/dp/B08CYRBXYX/ref=sr_1_13?crid=3147Q87JZY5FV&keywords=HP+Printer&qid=1685356073&sprefix=hp+print%2Caps%2C595&sr=8-13#customerReviews
"HP Laserjet 136w Compact Monochrome Multifunction Printer with Direct Wi-Fi (Print, Scan, Copy)","16,479",4.0 out of 5 stars,"1,004",https://www.amazon.in/HP-Laser-136w-Functions-Print/dp/B07RY417JQ/ref=sr_1_14?crid=3147Q87JZY5FV&keywords=HP+Printer&qid=1685356073&sprefix=hp+print%2Caps%2C595&sr=8-14#customerReviews
"HP Deskjet 2332 Colour Printer, Scanner and Copier for Home/Small Office, Compact Size, Reliable, Easy Set-Up Through Smart App On Your Pc Connected Through USB, Ideal for Home.","3,999",3.6 out of 5 stars,"3,591",https://www.amazon.in/HP-DeskJet-2332-Inkjet-Printer/dp/B08D9N3VCX/ref=sr_1_15?crid=3147Q87JZY5FV&keywords=HP+Printer&qid=1685356073&sprefix=hp+print%2Caps%2C595&sr=8-15#customerReviews
"HP Smart Tank 670 All-in-One Auto Duplex Wireless Integrated Ink Tank Colour Printer, Scanner, Copier, High Capacity Tank (8000 Black, 6000 Colour) with Automatic Ink Sensor Gray, 48.0x23.9x41cm",,4.1 out of 5 stars,931,https://www.amazon.in/HP-Integrated-Auto-Duplex-Automatic-48-0x23-9x41cm/dp/B09MFHQL9J/ref=sr_1_16?crid=3147Q87JZY5FV&keywords=HP+Printer&qid=1685356073&sprefix=hp+print%2Caps%2C595&sr=8-16#customerReviews
"HP Deskjet 4123 Printer, Automatic Document Feeder, Copy, Scan, USB, Simple Setup Smart App, Ideal for Home.",,3.4 out of 5 stars,"1,711",https://www.amazon.in/HP-DeskJet-4123-Multi-Function-Printer/dp/B08D9KB33V/ref=sr_1_17?crid=3147Q87JZY5FV&keywords=HP+Printer&qid=1685356073&sprefix=hp+print%2Caps%2C595&sr=8-17#customerReviews
"HP Ink Tank 315 All-in-one Colour Printer with Upto 6000 Black and 8000 Colour Pages Included in The Box - Print, Scan & Copy for Office/Home",,3.9 out of 5 stars,"1,188",https://www.amazon.in/HP-Z4B04A-Tank-Printer-Black/dp/B07CJ62W9L/ref=sr_1_18?crid=3147Q87JZY5FV&keywords=HP+Printer&qid=1685356073&sprefix=hp+print%2Caps%2C595&sr=8-18#customerReviews
"HP Ink Advantage 2778 Printer, Copy, Scan, Dual Band WiFi, Bluetooth, USB, Simple Setup Smart App, Ideal for Home","6,399",3.8 out of 5 stars,"2,156",https://www.amazon.in/HP-DeskJet-2778-Advantage-Wireless/dp/B08CYMP63S/ref=sr_1_19?crid=3147Q87JZY5FV&keywords=HP+Printer&qid=1685356073&sprefix=hp+print%2Caps%2C595&sr=8-19#customerReviews
"HP Smart Tank 585 All-in-one WiFi Colour Printer (Upto 6000 Black and 6000 Colour Pages Included in The Box). - Print, Scan & Copy for Office/Home","14,968",4.3 out of 5 stars,80,https://www.amazon.in/HP-Smart-Colour-Printer-Included/dp/B0BNV9QP8J/ref=sr_1_19?crid=3147Q87JZY5FV&keywords=HP+Printer&qid=1685356078&sprefix=hp+print%2Caps%2C595&sr=8-19#customerReviews
"HP Laserjet 138fnw Monochrome Compact Wi-Fi Printer with Network Support for Reliable, Fast Printing (Print, Copy, Scan, Fax)","20,799",4.0 out of 5 stars,"1,150",https://www.amazon.in/HP-Laser-138fnw-Network-Wireless/dp/B07RWL4TVF/ref=sr_1_20?crid=3147Q87JZY5FV&keywords=HP+Printer&qid=1685356078&sprefix=hp+print%2Caps%2C595&sr=8-20#customerReviews
"HP Ink Advantage 6075 WiFi Colour Printer, Scanner and Copier for Home/Small Office, Dual Band WiFi, Duplex Printing (Automatic Double-Sided Print).","10,999",4.1 out of 5 stars,855,https://www.amazon.in/HP-6075-Wireless-Advantage-Auto-Duplex/dp/B08D9N2FLX/ref=sr_1_21?crid=3147Q87JZY5FV&keywords=HP+Printer&qid=1685356078&sprefix=hp+print%2Caps%2C595&sr=8-21#customerReviews
"HP Ink Advantage 2776 Printer, Copy, Scan, Dual Band WiFi, Bluetooth, USB, Simple Setup Smart App, Ideal for Home.","6,399",4.0 out of 5 stars,512,https://www.amazon.in/HP-DeskJet-2776-Wireless-Advantage/dp/B08D9MZTQ7/ref=sr_1_17?crid=3147Q87JZY5FV&keywords=HP+Printer&qid=1685356078&sprefix=hp+print%2Caps%2C595&sr=8-17#customerReviews
"HP Smart 750 WiFi Duplex Printer with Smart-Guided Button, Print, Scan, Copy, Wireless and ADF, Hi-Capacity Tank with auto Ink, Paper Sensor, up to 12K Black or 8K Color Pages of Ink in The Box","23,989",4.1 out of 5 stars,931,https://www.amazon.in/HP-Printer-Smart-Guided-Wireless-Hi-Capacity/dp/B09H38XTDN/ref=sr_1_18?crid=3147Q87JZY5FV&keywords=HP+Printer&qid=1685356078&sprefix=hp+print%2Caps%2C595&sr=8-18#customerReviews
"HP Ink Advantage Ultra 4826 Print, Copy, Scan, Self Reset Dual Band WiFi, 2 Sets of Inbox Cartridges, Smart App Setup. Print per Page (44p for B/W and 81p for Colour), Ideal for Home",,4.0 out of 5 stars,908,https://www.amazon.in/HP-Deskjet-Advantage-self-Reset-42-4X55-5X24-5/dp/B09HXR44XS/ref=sr_1_19?crid=3147Q87JZY5FV&keywords=HP+Printer&qid=1685356078&sprefix=hp+print%2Caps%2C595&sr=8-19#customerReviews
"HP Smart Tank 500 Colour Printer, Scanner and Copier for Home/Office, High Capacity Tank (6000 Black and 8000 Colour) with Automatic Ink Sensor","11,299",4.0 out of 5 stars,"1,531",https://www.amazon.in/HP-Smart-500-Color-Printer/dp/B08GGGZ7CD/ref=sr_1_20?crid=3147Q87JZY5FV&keywords=HP+Printer&qid=1685356078&sprefix=hp+print%2Caps%2C595&sr=8-20#customerReviews
"HP Laserjet Tank 2606sdw Duplex Printer with ADF Print+Copy+Scan, Lowest Cost/Page - B&W Prints, Easy 15 Sec Toner Refill, Dual Band Wi-Fi, Smart Guided Buttons, Best for Business",,3.8 out of 5 stars,161,https://www.amazon.in/HP-Laserjet-2606sdw-Duplex-Printer/dp/B09T3SK8M9/ref=sr_1_21?crid=3147Q87JZY5FV&keywords=HP+Printer&qid=1685356078&sprefix=hp+print%2Caps%2C595&sr=8-21#customerReviews
"HP Deskjet Ink Advantage 2338 Printer, Scanner and Copier for Home for Home for Dependable Printing and scanning, Simple Setup for Everyday Usage, Ideal for Home.","6,499",3.7 out of 5 stars,"2,046",https://www.amazon.in/HP-DeskJet-2338-Advantage-Printer/dp/B08D9NVJ6V/ref=sr_1_24?crid=3147Q87JZY5FV&keywords=HP+Printer&qid=1685356078&sprefix=hp+print%2Caps%2C595&sr=8-24#customerReviews
"HP Ink Tank 319 All-in-one Colour Printer with upto 15,000 Black and 8,000 Colour pages included in the box - Print, Scan & Copy for Office/Home","12,490",4.1 out of 5 stars,"1,608",https://www.amazon.in/HP-Z6Z13A-All-Colour-Printer/dp/B07C3VZSSB/ref=sr_1_25?crid=3147Q87JZY5FV&keywords=HP+Printer&qid=1685356078&sprefix=hp+print%2Caps%2C595&sr=8-25#customerReviews
"HP Laserjet M126a B&W Printer for Office: 3-in-1 Print, Copy, Scan, Compact, Durable","18,670",4.2 out of 5 stars,"5,334",https://www.amazon.in/HP-Laserjet-126a-Print-Printer/dp/B00NEG0NTU/ref=sr_1_26?crid=3147Q87JZY5FV&keywords=HP+Printer&qid=1685356078&sprefix=hp+print%2Caps%2C595&sr=8-26#customerReviews
"HP Deskjet Ink Advantage 2335 Printer, Scanner and Copier for Home for Home for Dependable Printing and scanning, Simple Setup for Everyday Usage, Ideal for Home.",,3.7 out of 5 stars,"1,111",https://www.amazon.in/HP-DeskJet-2335-Advantage-Printer/dp/B08CYRFX24/ref=sr_1_27?crid=3147Q87JZY5FV&keywords=HP+Printer&qid=1685356078&sprefix=hp+print%2Caps%2C595&sr=8-27#customerReviews
"HP Laserjet 136nw WiFi Printer, Print Copy Scan, Compact Design, Reliable and Fast Printing, Network Support",,4.1 out of 5 stars,469,https://www.amazon.in/HP-4ZB87A-Laser-MFP-136nw/dp/B07SKPVZRV/ref=sr_1_28?crid=3147Q87JZY5FV&keywords=HP+Printer&qid=1685356078&sprefix=hp+print%2Caps%2C595&sr=8-28#customerReviews
HP Smart Tank 210 Single Function WiFi Colour Printer (Upto 12000 Black and 6000 Colour Pages Included in The Box),,1.0 out of 5 stars,1,https://www.amazon.in/HP-Single-Function-Printer-Included/dp/B0C247P7QY/ref=sr_1_29?crid=3147Q87JZY5FV&keywords=HP+Printer&qid=1685356078&sprefix=hp+print%2Caps%2C595&sr=8-29#customerReviews
"HP Deskjet 2729 Printer, Copy, Scan, Dual Band WiFi, Bluetooth, USB, Simple Setup Smart App, Ideal for Home.","5,999",3.5 out of 5 stars,"2,496",https://www.amazon.in/HP-DeskJet-2729-Wireless-Printer/dp/B08D9NFGKL/ref=sr_1_30?crid=3147Q87JZY5FV&keywords=HP+Printer&qid=1685356078&sprefix=hp+print%2Caps%2C595&sr=8-30#customerReviews
"HP Ink Tank 419 All-in-one WiFi Colour Printer with 1 Additional Black Ink Bottle in The Box (Upto 15000 Black and 8000 Colour Pages Included in The Box). - Print, Scan & Copy for Office/Home",,4.2 out of 5 stars,"4,549",https://www.amazon.in/HP-All-Wireless-Color-Printer/dp/B07C3SWZSM/ref=sr_1_35?crid=3147Q87JZY5FV&keywords=HP+Printer&qid=1685356081&sprefix=hp+print%2Caps%2C595&sr=8-35#customerReviews
"HP MFP M128fn Laserjet Printer: Print, Copy, Scan, Automatic Document Feeder, Ethernet, Fast Printing Upto 20ppm, Easy and Secure Setup, 3 Year Warranty",,4.0 out of 5 stars,254,https://www.amazon.in/HP-LaserJet-Pro-M128fn-Printer/dp/B00KPXGJGQ/ref=sr_1_36?crid=3147Q87JZY5FV&keywords=HP+Printer&qid=1685356081&sprefix=hp+print%2Caps%2C595&sr=8-36#customerReviews
"HP Ink Tank 530 Color Printer, Scanner, & Copier with High Capacity Tank for Home/Office, B&W Prints, Compact, Easy Mobile Printing",,3.9 out of 5 stars,"1,115",https://www.amazon.in/Smart-Tank-530-AiO-Printer/dp/B07TMFCNXB/ref=sr_1_37?crid=3147Q87JZY5FV&keywords=HP+Printer&qid=1685356081&sprefix=hp+print%2Caps%2C595&sr=8-37#customerReviews
"HP Smart Tank 525 All-in-one Colour Printer (Upto 6000 Black and 6000 Colour Pages Included in The Box). - Print, Scan & Copy for Office/Home","11,499",3.5 out of 5 stars,44,https://www.amazon.in/HP-Smart-Colour-Printer-Included/dp/B0BNV6QNLM/ref=sr_1_33?crid=3147Q87JZY5FV&keywords=HP+Printer&qid=1685356081&sprefix=hp+print%2Caps%2C595&sr=8-33#customerReviews
"HP Smart Tank 515 All-in-One Wireless Ink Tank Colour Printer, High Capacity Tank (6000 Black and 8000 Colour) with Automatic Ink Sensor",,4.0 out of 5 stars,"1,531",https://www.amazon.in/Smart-Tank-515-AiO-Printer/dp/B07TKBP2DX/ref=sr_1_34?crid=3147Q87JZY5FV&keywords=HP+Printer&qid=1685356081&sprefix=hp+print%2Caps%2C595&sr=8-34#customerReviews
"HP Smart Tank 790 WiFi Duplex Hi-Capacity Tank Printer with Magic Touch Panel with ADF, auto Ink & Paper Sensor (up to 12K Black or 8K Color Pages of Ink)","26,583",4.1 out of 5 stars,931,https://www.amazon.in/HP-Duplex-Hi-Capacity-Printer-Sensor/dp/B09H342LC8/ref=sr_1_35?crid=3147Q87JZY5FV&keywords=HP+Printer&qid=1685356081&sprefix=hp+print%2Caps%2C595&sr=8-35#customerReviews
"HP Laserjet 1008a Monochrome Printer with USB Connectivity, Compact Design, Fast &Affordable Printing",,,,
"HP Laserjet Tank 1005w Printer for Home & SMBs: 3-in-1 Print+Copy+Scan, Mess-Free 15 Sec Toner Refill, Lowest Cost/Page-B&W Prints, Dual Band Wi-Fi, Smart Guided Buttons, Mobile Printing.",,4.0 out of 5 stars,361,https://www.amazon.in/HP-Laserjet-Tank-1005w-Printer/dp/B09T3QG1ZN/ref=sr_1_37?crid=3147Q87JZY5FV&keywords=HP+Printer&qid=1685356081&sprefix=hp+print%2Caps%2C595&sr=8-37#customerReviews
"HP Laserjet Tank 1020w Printer for Business & Home, Mess-Free 15 Sec Toner Reload, Lowest Cost/Page for B&W Prints, Compact, Dual Band Wi-Fi, Smart Guided Buttons, Print+Copy+Scan from Phone.","17,033",3.9 out of 5 stars,130,https://www.amazon.in/HP-Laserjet-Printer-Business-Mess-Free/dp/B09T3PRS8T/ref=sr_1_40?crid=3147Q87JZY5FV&keywords=HP+Printer&qid=1685356081&sprefix=hp+print%2Caps%2C595&sr=8-40#customerReviews
"HP Smart Tank 581 All-in-one WiFi Colour Printer with 2 Extra Black Ink Bottles(Upto 18000 Black and 6000 Colour Prints) and 1 Year Extended Warranty with PHA Coverage.Print,Scan,Copy for Office/Home",,3.9 out of 5 stars,161,https://www.amazon.in/HP-Printer-Extended-Warranty-Coverage-Print/dp/B0C1JSPZ51/ref=sr_1_41?crid=3147Q87JZY5FV&keywords=HP+Printer&qid=1685356081&sprefix=hp+print%2Caps%2C595&sr=8-41#customerReviews
"HP Smart Tank 520 All-in-one Colour Printer with 1 Extra Black Ink Bottle (Upto 12000 Black and 6000 Colour Prints) and 1 Year Extended Warranty with PHA Coverage. -Print, Scan & Copy for Office/Home",,4.1 out of 5 stars,"1,608",https://www.amazon.in/HP-Printer-Extended-Warranty-Coverage/dp/B0BN215GT7/ref=sr_1_42?crid=3147Q87JZY5FV&keywords=HP+Printer&qid=1685356081&sprefix=hp+print%2Caps%2C595&sr=8-42#customerReviews
"HP 115 Color Single Function Ink Tank Printer, per Page (10p for B/W and 20p for Colour)",,3.9 out of 5 stars,"1,845",https://www.amazon.in/HP-Color-Single-Function-Printer/dp/B07G6PP3V3/ref=sr_1_43?crid=3147Q87JZY5FV&keywords=HP+Printer&qid=1685356081&sprefix=hp+print%2Caps%2C595&sr=8-43#customerReviews
"HP Laserjet 1008w Single Function Monochrome Laser Wi-Fi Printer for Home/Office, Compact Design, Fast Printing",,,,
"HP Laserjet Tank 1005 Printer for Home & SMB: 3-in-1 Print, Copy, Scan, Mess-Free 15 Sec Toner Refill, Lowest Cost Per Page for B&W Prints, Compact, Smart Guided Buttons","21,094",3.8 out of 5 stars,40,https://www.amazon.in/HP-Laserjet-Tank-1005-Printer/dp/B09T3M8Q27/ref=sr_1_45?crid=3147Q87JZY5FV&keywords=HP+Printer&qid=1685356081&sprefix=hp+print%2Caps%2C595&sr=8-45#customerReviews
"HP Smart Tank 675 All-in-one Printer with Built-in Wi-Fi, Mobile Printing, Automatic Two-Sided Printing, and Print speeds up to 12 ppm (Black) and 7 ppm (Color).","18,599",3.4 out of 5 stars,28,https://www.amazon.in/HP-Smart-Tank-All-Printer/dp/B09PW8D757/ref=sr_1_46?crid=3147Q87JZY5FV&keywords=HP+Printer&qid=1685356081&sprefix=hp+print%2Caps%2C595&sr=8-46#customerReviews
(Renewed) HP DeskJet 2331 All-in-One Inkjet Colour Printer,"3,484",2.5 out of 5 stars,23,https://www.amazon.in/Renewed-HP-DeskJet-Inkjet-Printer/dp/B08M48R6CJ/ref=sr_1_47?crid=3147Q87JZY5FV&keywords=HP+Printer&qid=1685356081&sprefix=hp+print%2Caps%2C595&sr=8-47#customerReviews
HP DeskJet 2332 All-in-One Inkjet Colour Printer with 805 Tri-Color Original Ink Cartridge,"4,836",3.6 out of 5 stars,"3,591",https://www.amazon.in/HP-DeskJet-Tri-Color-Original-Cartridge/dp/B08PBTTHBK/ref=sr_1_51?crid=3147Q87JZY5FV&keywords=HP+Printer&qid=1685356085&sprefix=hp+print%2Caps%2C595&sr=8-51#customerReviews
"HP Ink Tank 516 Color Printer, Scanner, & Copier with High Capacity Tank for Home, B&W Prints at 10 Paise/Page*, Color Prints at 20 Paise/Page*, Compact, Easy Printing","15,998",4.0 out of 5 stars,"1,085",https://www.amazon.in/HP-516-Wireless-Integrated-Automatic/dp/B08S8KPW94/ref=sr_1_52?crid=3147Q87JZY5FV&keywords=HP+Printer&qid=1685356085&sprefix=hp+print%2Caps%2C595&sr=8-52#customerReviews
"HP MFP M128fw LaserJet Printer: Print, Copy, Scan, Automatic Document Feeder, WiFi direct, Ethernet, Fast Printing upto 20ppm, easy and secure setup, 3 year warranty","28,912",4.1 out of 5 stars,128,https://www.amazon.in/HP-MFP-M128fw-LaserJet-Printer/dp/B00MOFXSIA/ref=sr_1_53?crid=3147Q87JZY5FV&keywords=HP+Printer&qid=1685356085&sprefix=hp+print%2Caps%2C595&sr=8-53#customerReviews
"HP Deskjet Ink Advantage 2335 All-in-One Printer, Scanner and Copier for Home & w100 480P 30 FPS Digital Webcam with Built-in Mic, Plug and Play Setup, Wide-Angle View for Video Calling on Skype","4,698",3.7 out of 5 stars,"1,111",https://www.amazon.in/HP-Deskjet-Advantage-Printer-Wide-Angle/dp/B0BQY913TB/ref=sr_1_49?crid=3147Q87JZY5FV&keywords=HP+Printer&qid=1685356085&sprefix=hp+print%2Caps%2C595&sr=8-49#customerReviews
"HP Deskjet Ink Advantage 2778 All-in-One Printer, Scanner and Copier, B&W Prints at Rs. 1.65/Page*, Color Prints at Rs 5/Page* & 803 Small Ink Cartridge (Black) & 682 Black Original Ink Cartridge","8,069",3.8 out of 5 stars,"2,156",https://www.amazon.in/HP-Deskjet-Advantage-Cartridge-Original/dp/B0BBKMHXPV/ref=sr_1_50?crid=3147Q87JZY5FV&keywords=HP+Printer&qid=1685356085&sprefix=hp+print%2Caps%2C595&sr=8-50#customerReviews
"HP Deskjet Ink Advantage 4178 AIO Printer, Automatic Document Feeder, Copy, Scan & 682 Tri-Color Original Ink Cartridge, Compatible 2335, 2338,2776,2778,6075, 4178 Printer Models","8,460",3.8 out of 5 stars,"5,854",https://www.amazon.in/HP-Advantage-Automatic-Tri-Color-Compatible/dp/B0BK8MC4PN/ref=sr_1_51?crid=3147Q87JZY5FV&keywords=HP+Printer&qid=1685356085&sprefix=hp+print%2Caps%2C595&sr=8-51#customerReviews
"HP Laserjet MFP M233dw Printer: Print, Copy, Scan, Fastest Two-Sided Printing, Lightning Print Speed of 30ppm(Letter)/29ppm(A4), Self Reset Dual Band WiFi",,4.4 out of 5 stars,4,https://www.amazon.in/HP-Laserjet-MFP-M233dw-Printer/dp/B09NQ94MMM/ref=sr_1_52?crid=3147Q87JZY5FV&keywords=HP+Printer&qid=1685356085&sprefix=hp+print%2Caps%2C595&sr=8-52#customerReviews
HP Black/Tri-Color Printhead Kit 3YB06AA Deskjet 5800 Series,"1,859",4.1 out of 5 stars,"1,433",https://www.amazon.in/HP-2-Pack-Black-Tri-Color-Printhead/dp/B07J68SCNL/ref=sr_1_53?crid=3147Q87JZY5FV&keywords=HP+Printer&qid=1685356085&sprefix=hp+print%2Caps%2C595&sr=8-53#customerReviews
"HP Laserjet 3104fdw Duplex Printer: Print, Copy, Scan, Self Reset Dual Band WiFi with self heal, Ethernet, Fast Printing Upto 33ppm, Easy and Secure Setup",,,,
HP DeskJet 2778 All-in-One Ink Advantage Wireless Colour Printer 682 Black Ink & HP 682 Tricolor Ink Combo,"8,121",3.8 out of 5 stars,"2,156",https://www.amazon.in/HP-2778-Advantage-Wireless-Printer/dp/B08KG9DT6F/ref=sr_1_68?crid=3147Q87JZY5FV&keywords=HP+Printer&qid=1685356088&sprefix=hp+print%2Caps%2C595&sr=8-68#customerReviews
"HP Laserjet Tank 2606sdw Duplex Printer with ADF: Self Reset Dual Band WiFi, Smart Guided Buttons, (381U2A) & 158A Black Original Laserjet Toner Reload Kit",,,,
"HP Laserjet Tank 2606dn Duplex Printer for Home: Print+Copy+Scan, Mess-Free 15-Sec Toner Refill, Lowest Cost Per Page for B&W Prints, Smart Guided Buttons, Easy Mobile Printing","25,284",3.3 out of 5 stars,15,https://www.amazon.in/HP-Laserjet-2606dn-Duplex-Printer/dp/B09T3KM7Y1/ref=sr_1_65?crid=3147Q87JZY5FV&keywords=HP+Printer&qid=1685356088&sprefix=hp+print%2Caps%2C595&sr=8-65#customerReviews
HP DeskJet 2335 All-in-One Ink Advantage Colour Printer & HP 682 Black Ink & HP 682 Tricolor Ink Combo,"5,921",3.6 out of 5 stars,21,https://www.amazon.in/HP-DeskJet-2335-Advantage-Tricolor/dp/B08KGVHNTG/ref=sr_1_66?crid=3147Q87JZY5FV&keywords=HP+Printer&qid=1685356088&sprefix=hp+print%2Caps%2C595&sr=8-66#customerReviews
"(Renewed) HP Deskjet Ink Advantage 2723 All-in-One Printer, Scanner and Copier for Home/Home Office, B&W Prints at Rs. 6/Page*, Color Prints at Rs 8/Page*, Easy Mobile Printing, Affordable","5,099",2.2 out of 5 stars,11,https://www.amazon.in/Renewed-HP-Advantage-Printing-Affordable/dp/B0BB2X41CZ/ref=sr_1_67?crid=3147Q87JZY5FV&keywords=HP+Printer&qid=1685356088&sprefix=hp+print%2Caps%2C595&sr=8-67#customerReviews
"HP Laserjet 3004dw Duplex Printer: Black & White Printer, Self Reset Dual Band WiFi with self heal, Ethernet, Fast Printing Upto 33ppm, Easy and Secure Setup, Smart App Enabled",,,,
"HP Sprocket Portable 2x3"" Instant Photo Printer (Lilac) Print Pictures on Zink Sticky-Backed Paper from you","13,999",4.5 out of 5 stars,135,https://www.amazon.in/HP-Sprocket-Instant-Printer-1AS91A/dp/B07JM42QDX/ref=sr_1_69?crid=3147Q87JZY5FV&keywords=HP+Printer&qid=1685356088&sprefix=hp+print%2Caps%2C595&sr=8-69#customerReviews
"HP Laserjet Pro M1136 Printer, Print, Copy, Scan, Compact Design, Reliable, and Fast Printing","29,899",4.3 out of 5 stars,"3,485",https://www.amazon.in/HP-LaserJet-M1136-Multifunction-Monochrome/dp/B008HDF9NU/ref=sr_1_72?crid=3147Q87JZY5FV&keywords=HP+Printer&qid=1685356088&sprefix=hp+print%2Caps%2C595&sr=8-72#customerReviews
"HP Laserjet P1108 Single Function Monochrome Laser Printer & HP Deskjet 1212 Colour Printer for Home Use, Compact Size, Reliable, and Affordable Printing","17,198",4.4 out of 5 stars,"1,722",https://www.amazon.in/HP-Laserjet-Function-Monochrome-Affordable/dp/B0BBZVYY7Y/ref=sr_1_73?crid=3147Q87JZY5FV&keywords=HP+Printer&qid=1685356088&sprefix=hp+print%2Caps%2C595&sr=8-73#customerReviews
HP 178nw Wireless Laser Color Multifunction Mobile Ethernet Wi-Fi Printer 4ZB96A,"44,890",3.3 out of 5 stars,17,https://www.amazon.in/HP-Wireless-Multifunction-Ethernet-Printer/dp/B08DY5NNGF/ref=sr_1_74?crid=3147Q87JZY5FV&keywords=HP+Printer&qid=1685356088&sprefix=hp+print%2Caps%2C595&sr=8-74#customerReviews
"HP Ink Tank 315 Color Printer, Scanner, & Copier with High Capacity Tank for Home, B&W Prints Compact & GT52 Ink Bottle (Yellow)","11,323",3.9 out of 5 stars,"1,188",https://www.amazon.in/HP-Printer-Scanner-Capacity-Compact/dp/B0BK8NB1SJ/ref=sr_1_75?crid=3147Q87JZY5FV&keywords=HP+Printer&qid=1685356088&sprefix=hp+print%2Caps%2C595&sr=8-75#customerReviews
"HP Laserjet Pro MFP M226dw, Print, Copy, Scan & Fax, WiFi Printer, Double-Sided Printing, Compact Design, Reliable, Fast Printing, Network Support","56,500",3.9 out of 5 stars,67,https://www.amazon.in/HP-Laserjet-M226dw-Printer-Wireless/dp/B01E921YI6/ref=sr_1_76?crid=3147Q87JZY5FV&keywords=HP+Printer&qid=1685356088&sprefix=hp+print%2Caps%2C595&sr=8-76#customerReviews
HP Store Sprocket Select Portable Photo Printer Stylize Social Media Photos and Print 30% Larger Pictures on 2.3x3.4 Sticky-Backed Paper (5XH49A),"14,104",4.3 out of 5 stars,"5,520",https://www.amazon.in/HP-Sprocket-Select-Portable-Printer/dp/B07SXVJFYN/ref=sr_1_77?crid=3147Q87JZY5FV&keywords=HP+Printer&qid=1685356088&sprefix=hp+print%2Caps%2C595&sr=8-77#customerReviews
HP DeskJet 2723 All in One Wireless Printer & 805 Black & Tricolor Inkjet Combo,"7,597",4.1 out of 5 stars,24,https://www.amazon.in/HP-DeskJet-2723-Wireless-Tricolor/dp/B08KH3PMVR/ref=sr_1_78?crid=3147Q87JZY5FV&keywords=HP+Printer&qid=1685356088&sprefix=hp+print%2Caps%2C595&sr=8-78#customerReviews
"HP Smart Tank 670 All-in-One Wireless Integrated Ink Tank Colour Printer, Scanner, Copier with Auto-Duplex, High Capacity Tank with Automatic Ink Sensor Gray, 48.0x23.9x41cm & GT52 Ink Bottle (Cyan)","18,823",4.1 out of 5 stars,931,https://www.amazon.in/HP-Integrated-Auto-Duplex-Automatic-48-0x23-9x41cm/dp/B0BK8M2SS3/ref=sr_1_79?crid=3147Q87JZY5FV&keywords=HP+Printer&qid=1685356088&sprefix=hp+print%2Caps%2C595&sr=8-79#customerReviews
"HP Black/Tri Color Combo Printhead DeskJet GT5800 Series, Ink Tank 110/310/410 Series, Smart Tank 300/400 Series & GT 53 XL Cartridge Ink","2,582",4.1 out of 5 stars,"1,433",https://www.amazon.in/HP-Printhead-DeskJet-GT5800-Cartridge/dp/B0BQY94WNS/ref=sr_1_81?crid=3147Q87JZY5FV&keywords=HP+Printer&qid=1685356092&sprefix=hp+print%2Caps%2C595&sr=8-81#customerReviews
HP Color Laserjet Pro M255DW,"55,955",4.3 out of 5 stars,8,https://www.amazon.in/HP-Color-Laserjet-Pro-M255DW/dp/B085LKLB1K/ref=sr_1_82?crid=3147Q87JZY5FV&keywords=HP+Printer&qid=1685356092&sprefix=hp+print%2Caps%2C595&sr=8-82#customerReviews
"HP Laserjet 3104fdn Duplex Printer: Print, Copy, Scan, High Speed USB, Ethernet, Fast Printing Upto 33ppm, Easy and Secure Setup",,,,
"(Renewed) HP Laserjet Tank 1005w Printer for Home & SMBs: 3-in-1 Print+Copy+Scan, Mess-Free 15 Sec Toner Refill, Lowest Cost/Page-B&W Prints, Dual Band Wi-Fi, Smart Guided Buttons, Mobile Printing.","20,313",2.6 out of 5 stars,2,https://www.amazon.in/Renewed-HP-Laserjet-1005w-Printer/dp/B0BH72T2S7/ref=sr_1_84?crid=3147Q87JZY5FV&keywords=HP+Printer&qid=1685356092&sprefix=hp+print%2Caps%2C595&sr=8-84#customerReviews
"(Renewed) HP Deskjet Plus Ink Advantage 6075 WiFi Colour Printer, Scanner and Copier for Home/Small Office, Dual Band WiFi, Duplex Printing (Automatic Double-Sided Print).","9,348",5.0 out of 5 stars,1,https://www.amazon.in/HP-Advantage-Printing-Automatic-Double-Sided/dp/B0BGCQGLB2/ref=sr_1_85?crid=3147Q87JZY5FV&keywords=HP+Printer&qid=1685356092&sprefix=hp+print%2Caps%2C595&sr=8-85#customerReviews
Hp-Desk Jets G5J38A B1H Officejet Pro 7740 Wide Format All-In-One Color Printer With Duplex Printing,"48,990",4.3 out of 5 stars,"3,354",https://www.amazon.in/Hp-Desk-G5J38A-Officejet-Printer-Printing/dp/B01JUCLLGK/ref=sr_1_81?crid=3147Q87JZY5FV&keywords=HP+Printer&qid=1685356092&sprefix=hp+print%2Caps%2C595&sr=8-81#customerReviews
HP Sprocket Portable Photo Printer (2nd Edition) – Instantly Print 2x3 Sticky-Backed Photos from Your Phone – [Luna Pearl] [1AS85A],"14,791",4.5 out of 5 stars,"5,752",https://www.amazon.in/HP-Sprocket-Portable-Photo-Printer/dp/B07GFP7H8C/ref=sr_1_82?crid=3147Q87JZY5FV&keywords=HP+Printer&qid=1685356092&sprefix=hp+print%2Caps%2C595&sr=8-82#customerReviews
"HP Deskjet Ink Advantage Ultra 4826 Print, Copy, Scan, Self Reset Dual Band WiFi, 2 Sets of Inbox Cartridges, Smart App Setup B&W Prints & 46 Ink Cartridge (Black)","9,321",4.0 out of 5 stars,908,https://www.amazon.in/HP-Deskjet-Advantage-Cartridges-Cartridge/dp/B0BQG3NRXK/ref=sr_1_83?crid=3147Q87JZY5FV&keywords=HP+Printer&qid=1685356092&sprefix=hp+print%2Caps%2C595&sr=8-83#customerReviews
(Renewed) HP LaserJet Pro M126nw Multi-Function Monochrome Laser Printer,"17,990",1.4 out of 5 stars,3,https://www.amazon.in/Renewed-HP-LaserJet-Multi-Function-Monochrome/dp/B07L316BFG/ref=sr_1_84?crid=3147Q87JZY5FV&keywords=HP+Printer&qid=1685356092&sprefix=hp+print%2Caps%2C595&sr=8-84#customerReviews
"HP Ink Tank 516 Color Printer, Scanner, & Copier with High Capacity Tank for Home, B&W Prints at 10 Paise/Page*, Color Prints at 20 Paise/Page*, Compact, Easy Printing & GT52 Ink Bottle (Yellow)","16,522",4.0 out of 5 stars,"1,085",https://www.amazon.in/HP-Printer-Scanner-Capacity-Printing/dp/B0BK8NMVHS/ref=sr_1_85?crid=3147Q87JZY5FV&keywords=HP+Printer&qid=1685356092&sprefix=hp+print%2Caps%2C595&sr=8-85#customerReviews
"HP Ink Tank 315 Color Printer, Scanner, & Copier with High Capacity Tank for Home, B&W Prints at 10 Paise/Page*, Color Prints at 20 Paise/Page* & GT 53 XL Cartridge Ink & GT52 Ink Bottle (Cyan)","12,046",3.9 out of 5 stars,"1,188",https://www.amazon.in/HP-Printer-Scanner-Capacity-Cartridge/dp/B0BBK955V8/ref=sr_1_86?crid=3147Q87JZY5FV&keywords=HP+Printer&qid=1685356092&sprefix=hp+print%2Caps%2C595&sr=8-86#customerReviews
"HP Smart Tank 790 WiFi Duplex Hi-Capacity Tank Printer with Magic Touch Panel with ADF, auto Ink & Paper Sensor (up to 12K Black or 8K Color Pages) & GT 53 XL Cartridge Ink & GT52 Ink Bottle (Cyan)","27,830",4.1 out of 5 stars,931,https://www.amazon.in/HP-Duplex-Hi-Capacity-Printer-Cartridge/dp/B0BBKPBW5S/ref=sr_1_87?crid=3147Q87JZY5FV&keywords=HP+Printer&qid=1685356092&sprefix=hp+print%2Caps%2C595&sr=8-87#customerReviews
"HP Laserjet Tank 2606sdw Duplex Printer with ADF Print+Copy+Scan, Smart Guided Buttons, Affordable, Best for Business. & 158X Black Original Laserjet Toner Reload Kit","31,536",3.8 out of 5 stars,161,https://www.amazon.in/HP-Laserjet-Affordable-Business-Original/dp/B0BBM8H9J5/ref=sr_1_88?crid=3147Q87JZY5FV&keywords=HP+Printer&qid=1685356092&sprefix=hp+print%2Caps%2C595&sr=8-88#customerReviews
"HP Laserjet Tank 1020w Printer for Business & Home, Page for B&W Prints, Compact,Dual Band Wi-Fi, Smart Guided Buttons, Print+Copy+Scan from Phone. & 158A Black Original Laserjet Toner Reload Kit",,,,
"HP Laserjet Pro M126nw Monochrome Direct Wireless Network, Laser Multifunction Printer (Print, Copy, Scan) & 805 Black Original Ink Cartridge","21,927",4.2 out of 5 stars,"5,334",https://www.amazon.in/HP-Laserjet-Monochrome-Multifunction-Cartridge/dp/B0BBQF918R/ref=sr_1_90?crid=3147Q87JZY5FV&keywords=HP+Printer&qid=1685356092&sprefix=hp+print%2Caps%2C595&sr=8-90#customerReviews
HP Color Laserjet Pro MFP M183FW,"73,542",3.7 out of 5 stars,4,https://www.amazon.in/HP-Color-Laserjet-Pro-M183FW/dp/B08YFNPK8S/ref=sr_1_91?crid=3147Q87JZY5FV&keywords=HP+Printer&qid=1685356092&sprefix=hp+print%2Caps%2C595&sr=8-91#customerReviews
"HP Deskjet 2729 WiFi Colour Printer, Scanner and Copier for Home/Small Office, Dual-Band Wi-Fi, Voice Activated Printing (Google Home and Alexa) & 805 Black Original Ink Cartridge","6,760",3.5 out of 5 stars,"2,496",https://www.amazon.in/HP-Dual-Band-Activated-Printing-Cartridge/dp/B0BBKD5MQ4/ref=sr_1_97?crid=3147Q87JZY5FV&keywords=HP+Printer&qid=1685356094&sprefix=hp+print%2Caps%2C595&sr=8-97#customerReviews
"HP Deskjet Ink Advantage Ultra 4826 Print, Copy, Scan, Self Reset Dual Band WiFi, 2 Sets of Inbox Cartridges, Smart App Setup B&W Prints & 47 Tri-Color Original Ink Cartridge","8,863",4.0 out of 5 stars,908,https://www.amazon.in/HP-Advantage-Cartridges-Tri-Color-Cartridge/dp/B0BQG36KBX/ref=sr_1_98?crid=3147Q87JZY5FV&keywords=HP+Printer&qid=1685356094&sprefix=hp+print%2Caps%2C595&sr=8-98#customerReviews
"(Renewed) HP Ink Advantage 2778 Printer, Copy, Scan, Dual Band WiFi, Bluetooth, USB, Simple Setup Smart App, Ideal for Home",,,,
HP DeskJet 4178 All in One Wireless Ink Advantage Printer with ADF & HP 682 Black Ink & HP 682 Tricolor Ink Combo,"9,321",3.8 out of 5 stars,"5,854",https://www.amazon.in/HP-4178-Wireless-Advantage-Tricolor/dp/B08KH3ZGZZ/ref=sr_1_100?crid=3147Q87JZY5FV&keywords=HP+Printer&qid=1685356094&sprefix=hp+print%2Caps%2C595&sr=8-100#customerReviews
"(Renewed) HP 720 WiFi Duplex Printer with Smart-Guided Button, Print, Scan, Copy and Wireless, Hi-Capacity Smart Tank with auto Ink and Paper Sensor; up to 12K Black or 8K Color Pages of Ink in The Box","16,446",2.2 out of 5 stars,7,https://www.amazon.in/Renewed-HP-Smart-Guided-Wireless-Hi-Capacity/dp/B0BG1VXXVT/ref=sr_1_101?crid=3147Q87JZY5FV&keywords=HP+Printer&qid=1685356094&sprefix=hp+print%2Caps%2C595&sr=8-101#customerReviews
"HP Laserjet M126a B&W Printer for Office: 3-in-1 Print, Copy, Scan, Compact, Affordable, Durable & Smart Tank 500 Colour Printer, Scanner and Copier for Home/Office, High Capacity Tank","29,969",4.2 out of 5 stars,"5,334",https://www.amazon.in/HP-Laserjet-M126a-Printer-Office/dp/B0BK8JQ6NJ/ref=sr_1_97?crid=3147Q87JZY5FV&keywords=HP+Printer&qid=1685356094&sprefix=hp+print%2Caps%2C595&sr=8-97#customerReviews
HP Laser MFP 138fnw Printer & HP 110A Blk Original Laser Toner Crtg,"25,945",4.0 out of 5 stars,"1,150",https://www.amazon.in/HP-Laser-138fnw-Printer-Original/dp/B08KHH35X2/ref=sr_1_98?crid=3147Q87JZY5FV&keywords=HP+Printer&qid=1685356094&sprefix=hp+print%2Caps%2C595&sr=8-98#customerReviews
"HP Ink Tank 530 Color Printer, Scanner & Copier with High Capacity Tank for Home/Office, B&W Prints at 10 Paise/Page*, Color Prints at 20 Paise/Page* & GT 53 XL Cartridge Ink & GT52 Ink Bottle (Cyan)",,,,
"HP Smart Tank 515 All-in-One Wireless Ink Tank Colour Printer, High Capacity Tank (6000 Black and 8000 Colour) with Automatic Ink Sensor & GT52 Ink Bottle (Yellow)","15,823",4.0 out of 5 stars,"1,531",https://www.amazon.in/HP-Wireless-Printer-Capacity-Automatic/dp/B0BK8JCD39/ref=sr_1_100?crid=3147Q87JZY5FV&keywords=HP+Printer&qid=1685356094&sprefix=hp+print%2Caps%2C595&sr=8-100#customerReviews
HP 315 All-in-One Ink Tank Printer & HP 150 Wireless Mouse Combo,"11,348",3.9 out of 5 stars,"1,188",https://www.amazon.in/HP-Printer-Wireless-Mouse-Combo/dp/B09VSZ6JWT/ref=sr_1_101?crid=3147Q87JZY5FV&keywords=HP+Printer&qid=1685356094&sprefix=hp+print%2Caps%2C595&sr=8-101#customerReviews
"HP 720 WiFi Duplex Printer with Smart-Guided Button, Print, Scan, Copy and Wireless, Hi-Capacity Smart Tank & H200Gs Wired Gaming Over Ear Headphones with Mic, Lightweight Design","22,848",4.1 out of 5 stars,931,https://www.amazon.in/HP-Smart-Guided-Hi-Capacity-Headphones-Lightweight/dp/B0BK8NGX9H/ref=sr_1_102?crid=3147Q87JZY5FV&keywords=HP+Printer&qid=1685356094&sprefix=hp+print%2Caps%2C595&sr=8-102#customerReviews
"HP Laserjet MFP M233sdw Printer: Print, Copy, Scan Multiple Page with ADF, Fastest Two-Sided Printing, Lightning Print Speed of 30ppm(Letter/29ppm(A4), Ethernet, Self Reset Dual Band WiFi, Gray White","26,738",2.1 out of 5 stars,12,https://www.amazon.in/HP-Laserjet-MFP-M233sdw-Printer/dp/B0B2FDJ81B/ref=sr_1_103?crid=3147Q87JZY5FV&keywords=HP+Printer&qid=1685356094&sprefix=hp+print%2Caps%2C595&sr=8-103#customerReviews
HP Color LaserJet Pro MFP M479fdw A4 Multifunction Wireless Printer (W1A80A),"1,16,100",4.5 out of 5 stars,4,https://www.amazon.in/HP-LaserJet-M479fdw-Multifunction-Wireless/dp/B07RQB5WJW/ref=sr_1_104?crid=3147Q87JZY5FV&keywords=HP+Printer&qid=1685356094&sprefix=hp+print%2Caps%2C595&sr=8-104#customerReviews
"HP Deskjet Ink Advantage Ultra 4826 Print, Copy, Scan, Self Reset Dual Band WiFi, 2 Sets of Inbox Cartridges, Smart App Setup B&W Prints & 47 Black Original Ink Cartridge","8,871",4.0 out of 5 stars,908,https://www.amazon.in/HP-Advantage-Cartridges-Original-Cartridge/dp/B0BQG35VXX/ref=sr_1_105?crid=3147Q87JZY5FV&keywords=HP+Printer&qid=1685356094&sprefix=hp+print%2Caps%2C595&sr=8-105#customerReviews
"HP OfficeJet Pro 8020 All-in-One Wireless Printer, with Smart Tasks for Home Office Productivity, Grey, Mediam","26,999",3.7 out of 5 stars,11,https://www.amazon.in/HP-OfficeJet-Wireless-Printer-Productivity/dp/B07RC8C4WD/ref=sr_1_106?crid=3147Q87JZY5FV&keywords=HP+Printer&qid=1685356094&sprefix=hp+print%2Caps%2C595&sr=8-106#customerReviews
HP Color Laserjet Pro MFP M183fw Laser Printer,"71,899",4.5 out of 5 stars,2,https://www.amazon.in/HP-Color-Laserjet-M183fw-Printer/dp/B089Y8P967/ref=sr_1_107?crid=3147Q87JZY5FV&keywords=HP+Printer&qid=1685356094&sprefix=hp+print%2Caps%2C595&sr=8-107#customerReviews
"(Renewed) HP Smart Tank 670 All-in-One Wireless Integrated Ink Tank Colour Printer, Scanner, Copier with Auto-Duplex, High Capacity Tank (8000 Black, 6000 Colour) with Automatic Ink Sensor Gray, 48.0x23.9x41cm","15,554",2.2 out of 5 stars,7,https://www.amazon.in/HP-Integrated-Auto-Duplex-Automatic-48-0x23-9x41cm/dp/B0BGMN5P7W/ref=sr_1_113?crid=3147Q87JZY5FV&keywords=HP+Printer&qid=1685356097&sprefix=hp+print%2Caps%2C595&sr=8-113#customerReviews
HP Deskjet 2776 All in One Wireless Ink Advantage Printer & HP 682 Black Ink & HP 682 Tricolor Ink Combo,"8,121",4.1 out of 5 stars,14,https://www.amazon.in/HP-2776-Wireless-Advantage-Tricolor/dp/B08KH4WZYY/ref=sr_1_114?crid=3147Q87JZY5FV&keywords=HP+Printer&qid=1685356097&sprefix=hp+print%2Caps%2C595&sr=8-114#customerReviews
HP Laserjet Pro MFP M429fdn (W1A34A) Printer,,,,
HP Laserjet MFP M72630dn Printer,"1,98,499",1.0 out of 5 stars,1,https://www.amazon.in/HP-Laserjet-MFP-M72630dn-Printer/dp/B07HF14X2B/ref=sr_1_116?crid=3147Q87JZY5FV&keywords=HP+Printer&qid=1685356097&sprefix=hp+print%2Caps%2C595&sr=8-116#customerReviews
"HP Ink Tank 315 Color Printer, Scanner & Copier with High Capacity Tank for Home, B&W Prints at 10 Paise/Page*, Color Prints at 20 Paise/Page*& H200 Wired Gaming Over Ear Headphones with Mic",,,,
HP Laserjet MFP M72625dn Printer,"1,65,990",5.0 out of 5 stars,1,https://www.amazon.in/HP-Laserjet-MFP-M72625dn-Printer/dp/B07H57N93S/ref=sr_1_113?crid=3147Q87JZY5FV&keywords=HP+Printer&qid=1685356097&sprefix=hp+print%2Caps%2C595&sr=8-113#customerReviews
"HP 115 Color Single Function Ink Tank Printer, per Page (10p for B/W and 20p for Colour) & Black Printhead Ink Tank110/310/410 Smart Tank 300/400 Series","10,294",3.9 out of 5 stars,"1,845",https://www.amazon.in/HP-Function-Printer-Printhead-Tank110/dp/B0BK8N392K/ref=sr_1_114?crid=3147Q87JZY5FV&keywords=HP+Printer&qid=1685356097&sprefix=hp+print%2Caps%2C595&sr=8-114#customerReviews
"HP Laserjet 1188w Compact Monochrome Multifunction Printer with Direct Wi-Fi (Print, Scan, Copy)",,,,
HP Laserjet Pro MFP M429fdw (W1A35A) Printer,"63,689",1.7 out of 5 stars,3,https://www.amazon.in/HP-Laserjet-M429fdw-W1A35A-Printer/dp/B0851911VC/ref=sr_1_116?crid=3147Q87JZY5FV&keywords=HP+Printer&qid=1685356097&sprefix=hp+print%2Caps%2C595&sr=8-116#customerReviews
"HP Sprocket Studio 4x6” Instant Photo Printer – Print Photos from Your iOS, Android Devices & Social Media","23,585",4.4 out of 5 stars,"3,046",https://www.amazon.in/HP-Sprocket-Studio-Photo-Printer/dp/B082G1SQSY/ref=sr_1_117?crid=3147Q87JZY5FV&keywords=HP+Printer&qid=1685356097&sprefix=hp+print%2Caps%2C595&sr=8-117#customerReviews
"HP Ink Tank 315 Color Printer, Scanner, & Copier with High Capacity Tank for Home, B&W Prints at 10 Paise/Page*, Color Prints at 20 Paise/Page*, Compact, Affordable & Deskjet 2332 Colour Printer","14,798",3.9 out of 5 stars,"1,188",https://www.amazon.in/HP-Printer-Scanner-Capacity-Affordable/dp/B0BBK2TQSC/ref=sr_1_118?crid=3147Q87JZY5FV&keywords=HP+Printer&qid=1685356097&sprefix=hp+print%2Caps%2C595&sr=8-118#customerReviews
"HP Smart Tank 790 WiFi Duplex Hi-Capacity Tank Printer & Paper Sensor & H200 Wired Gaming Over Ear Headphones with Mic/Compatible with PCs, Laptops and Other Devices with 3.5mm Audio Output (Black)",,,,
HP Laserjet Pro M126nw Multi-Function Monochrome Laser Printer & HP 88X Toner (Black),"26,711",4.1 out of 5 stars,12,https://www.amazon.in/HP-Laserjet-Multi-Function-Monochrome-Printer/dp/B07XTCB1J7/ref=sr_1_120?crid=3147Q87JZY5FV&keywords=HP+Printer&qid=1685356097&sprefix=hp+print%2Caps%2C595&sr=8-120#customerReviews
HP Color Laserjet Professional CP5225dn Printer,"1,89,900",3.6 out of 5 stars,47,https://www.amazon.in/HP-LaserJet-Professional-CP5225dn-Printer/dp/B004433XCQ/ref=sr_1_121?crid=3147Q87JZY5FV&keywords=HP+Printer&qid=1685356097&sprefix=hp+print%2Caps%2C595&sr=8-121#customerReviews
"HP Laserjet 108w Single Function Monochrome Laser Wi-Fi Printer & H200Gs Wired Gaming Over Ear Headphones with Mic, Lightweight Design, Soft Adaptive Suspension Headband with USB7.1 Output.","14,348",4.2 out of 5 stars,"1,542",https://www.amazon.in/HP-Monochrome-Headphones-Lightweight-Suspension/dp/B0BCKLN84R/ref=sr_1_122?crid=3147Q87JZY5FV&keywords=HP+Printer&qid=1685356097&sprefix=hp+print%2Caps%2C595&sr=8-122#customerReviews
"(Renewed) HP Laserjet 108w Single Function Monochrome Laser Wi-Fi Printer for Home/Office, Compact Design, Printing","11,049",1.0 out of 5 stars,1,https://www.amazon.in/HP-Laserjet-Function-Monochrome-Printing/dp/B0BHFH55DR/ref=sr_1_123?crid=3147Q87JZY5FV&keywords=HP+Printer&qid=1685356097&sprefix=hp+print%2Caps%2C595&sr=8-123#customerReviews
"HP Colour Laser 150nw  Wireless Color Laser Printer with Built-in Ethernet and WiFi-Direct, Smallest Color Laser in its Class","38,631",3.1 out of 5 stars,20,https://www.amazon.in/HP-Colour-Laser-Wireless-Printer/dp/B07R99FQ91/ref=sr_1_129?crid=3147Q87JZY5FV&keywords=HP+Printer&qid=1685356100&sprefix=hp+print%2Caps%2C595&sr=8-129#customerReviews
"HP Laserjet 1188a Laser Monochrome Print, Scan, Copy with USB Connectivity, Compact Design, Fast Printing",,,,
HP LaserJet Pro M501DN Printer (White),"51,990",4.0 out of 5 stars,5,https://www.amazon.in/HP-LaserJet-M501DN-Printer-White/dp/B01M16BGQ6/ref=sr_1_131?crid=3147Q87JZY5FV&keywords=HP+Printer&qid=1685356100&sprefix=hp+print%2Caps%2C595&sr=8-131#customerReviews
HP 136nw All-in-One Network & WiFi Laser Printers & HP 150 Wireless Mouse Combo,"18,848",4.1 out of 5 stars,469,https://www.amazon.in/HP-136nw-Network-Printers-Wireless/dp/B09VT1FYPT/ref=sr_1_132?crid=3147Q87JZY5FV&keywords=HP+Printer&qid=1685356100&sprefix=hp+print%2Caps%2C595&sr=8-132#customerReviews
"HP Ink Tank 315 Color Printer, Scanner, & Copier with High Capacity Tank for Home, B&W Prints at 10 Paise/Page*, Color Prints at 20 Paise/Page* & H200 Headphones (Black) & GT 53 XL Cartridge Ink","13,261",3.9 out of 5 stars,"1,188",https://www.amazon.in/HP-Printer-Capacity-Headphones-Cartridge/dp/B0BBKQ3S4G/ref=sr_1_133?crid=3147Q87JZY5FV&keywords=HP+Printer&qid=1685356100&sprefix=hp+print%2Caps%2C595&sr=8-133#customerReviews
"HP Deskjet Ink Advantage 2335 All-in-One Printer, Scanner and Copier for Home for Home & H200 Wired Gaming Over Ear Headphones with Mic, Laptops and Other Devices with 3.5mm Audio Output","5,938",3.7 out of 5 stars,"1,111",https://www.amazon.in/HP-Deskjet-Advantage-Printer-Headphones/dp/B0BK8LCXRS/ref=sr_1_129?crid=3147Q87JZY5FV&keywords=HP+Printer&qid=1685356100&sprefix=hp+print%2Caps%2C595&sr=8-129#customerReviews
HP Laserjet P1108 Single Function Monochrome Laser Printer & HP 88X Toner (Black),"20,044",4.4 out of 5 stars,"1,722",https://www.amazon.in/HP-Laserjet-Function-Monochrome-Printer/dp/B07XT2Q6Z1/ref=sr_1_130?crid=3147Q87JZY5FV&keywords=HP+Printer&qid=1685356100&sprefix=hp+print%2Caps%2C595&sr=8-130#customerReviews
HP 128fnw All-in-One WiFi Laser Printers & HP 150 Wireless Mouse Combo,,,,
"HP Color Laser 178nw All-in-One Wireless Color Laser Print, Scan & Copy with Built-in Ethernet and Wi-fi Direct, Smallest Color Laser in its Class","46,769",4.6 out of 5 stars,4,https://www.amazon.in/HP-178nw-Wireless-Ethernet-Smallest/dp/B08YZ28LQX/ref=sr_1_132?crid=3147Q87JZY5FV&keywords=HP+Printer&qid=1685356100&sprefix=hp+print%2Caps%2C595&sr=8-132#customerReviews
"HP Ink Tank 316 Colour Printer, Scanner and Copier, High Capacity Tank (7500 Black and 8000 Colour), Per Page (10P for B/W & 20P for Colour) & 315 Color Printer & GT 53 XL Cartridge Ink","22,421",4.2 out of 5 stars,"4,549",https://www.amazon.in/HP-Printer-Scanner-Capacity-Cartridge/dp/B0BBK6NF9L/ref=sr_1_133?crid=3147Q87JZY5FV&keywords=HP+Printer&qid=1685356100&sprefix=hp+print%2Caps%2C595&sr=8-133#customerReviews
"HP Black/Tri Color Combo Printhead DeskJet GT5810 / GT5820 Series, Ink Tank 110/310/410 Series, Smart Tank 300/400 Series & HP GT52 Ink Bottle (Magenta)","2,358",4.1 out of 5 stars,"1,433",https://www.amazon.in/HP-Printhead-DeskJet-GT5810-Magenta/dp/B0BNVWMS4W/ref=sr_1_134?crid=3147Q87JZY5FV&keywords=HP+Printer&qid=1685356100&sprefix=hp+print%2Caps%2C595&sr=8-134#customerReviews
HP Colour Laserjet Pro MFP M479dw Wireless Multifunction Printer,"1,08,490",3.5 out of 5 stars,2,https://www.amazon.in/HP-Laserjet-Wireless-Multifunction-Printer/dp/B07S5GD3Z6/ref=sr_1_135?crid=3147Q87JZY5FV&keywords=HP+Printer&qid=1685356100&sprefix=hp+print%2Caps%2C595&sr=8-135#customerReviews
"HP Laserjet 1188fnw Monochrome Compact Wi-Fi Printer with Automatic Document Feeder, Network Support for Reliable, Fast Printing (Print, Copy, Scan, Fax)",,,,
MAX Techno Laserjet MFP M72625dn Printer,,,,
"HP Sprocket Portable 2x3"" Instant Photo Printer (Blush Pink) Print Pictures on Zink Sticky-Backed Paper from your iOS & Android Device.","14,791",4.6 out of 5 stars,"2,956",https://www.amazon.in/HP-Sprocket-Portable-Photo-Printer/dp/B07GG3MDPB/ref=sr_1_138?crid=3147Q87JZY5FV&keywords=HP+Printer&qid=1685356100&sprefix=hp+print%2Caps%2C595&sr=8-138#customerReviews
(Renewed) HP Laser MFP 136a Printer,"13,995",1.0 out of 5 stars,1,https://www.amazon.in/Renewed-HP-Laser-136a-Printer/dp/B08M6HW15F/ref=sr_1_139?crid=3147Q87JZY5FV&keywords=HP+Printer&qid=1685356100&sprefix=hp+print%2Caps%2C595&sr=8-139#customerReviews
"HP Sprocket Portable 2x3"" Instant Photo Printer (Blush Pink) Print Pictures on Zink Sticky-Backed Paper from your iOS & Android Device.","14,791",4.6 out of 5 stars,"2,956",https://www.amazon.in/HP-Sprocket-Portable-Photo-Printer/dp/B07GG3MDPB/ref=sr_1_145?crid=3147Q87JZY5FV&keywords=HP+Printer&qid=1685356103&sprefix=hp+print%2Caps%2C595&sr=8-145#customerReviews
(Renewed) HP Laser MFP 136a Printer,"13,995",1.0 out of 5 stars,1,https://www.amazon.in/Renewed-HP-Laser-136a-Printer/dp/B08M6HW15F/ref=sr_1_146?crid=3147Q87JZY5FV&keywords=HP+Printer&qid=1685356103&sprefix=hp+print%2Caps%2C595&sr=8-146#customerReviews
HP Laserjet Pro M128fn All-in-One Monochrome Printer & HP 88X Toner (Black),"30,444",4.0 out of 5 stars,254,https://www.amazon.in/HP-Laserjet-M128fn-Monochrome-Printer/dp/B07XT9GZ9K/ref=sr_1_147?crid=3147Q87JZY5FV&keywords=HP+Printer&qid=1685356103&sprefix=hp+print%2Caps%2C595&sr=8-147#customerReviews
"HP Smart Tank 500 All-in-One Ink Tank Color Printer & GT 52 Yellow, Magenta, Cyan Ink Bottles(1 Printer+1Black Ink Bottles+3 Color Ink Bottles) Combo","13,569",4.6 out of 5 stars,5,https://www.amazon.in/HP-500-Printer-Magenta-Bottles/dp/B08KHH35WT/ref=sr_1_148?crid=3147Q87JZY5FV&keywords=HP+Printer&qid=1685356103&sprefix=hp+print%2Caps%2C595&sr=8-148#customerReviews
HP Sprocket Portable 2x3 Instant Photo Printer (Black Noir) Zink Paper Bundle,"17,876",4.5 out of 5 stars,496,https://www.amazon.in/HP-Sprocket-Portable-Instant-Printer/dp/B08LNZW1HZ/ref=sr_1_149?crid=3147Q87JZY5FV&keywords=HP+Printer&qid=1685356103&sprefix=hp+print%2Caps%2C595&sr=8-149#customerReviews
"HP Smart Tank 515 All-in-One Wireless Ink Tank Colour Printer & H200Gs Wired Gaming Over Ear Headphones with Mic, Lightweight Design, Soft Adaptive Suspension Headband with USB7","16,648",4.0 out of 5 stars,"1,531",https://www.amazon.in/HP-Wireless-Headphones-Lightweight-Suspension/dp/B0BK8MWJVS/ref=sr_1_145?crid=3147Q87JZY5FV&keywords=HP+Printer&qid=1685356103&sprefix=hp+print%2Caps%2C595&sr=8-145#customerReviews
HP Laserjet Enterprise MFP M431f Mono Printer,,,,
"HP Ink Tank 315 Color Printer, Scanner, & Copier with High Capacity Tank for Home, B&W Prints at 10 Paise/Page*, Color Prints at 20 Paise/Page* & Deskjet 2332 Colour Printer & GT 53 XL Cartridge Ink","15,521",3.9 out of 5 stars,"1,188",https://www.amazon.in/HP-Printer-Scanner-Capacity-Cartridge/dp/B0BBKDDHBC/ref=sr_1_147?crid=3147Q87JZY5FV&keywords=HP+Printer&qid=1685356103&sprefix=hp+print%2Caps%2C595&sr=8-147#customerReviews
"HP Deskjet Ink Advantage 4178 AIO Printer, Automatic Document Feeder, Simple Setup Smart App, Ideal for Home. & 678 2-Pack Black Original Ink Advantage Cartridges","9,214",3.8 out of 5 stars,"5,854",https://www.amazon.in/HP-Advantage-Automatic-Document-Cartridges/dp/B0BK8LMNTM/ref=sr_1_148?crid=3147Q87JZY5FV&keywords=HP+Printer&qid=1685356103&sprefix=hp+print%2Caps%2C595&sr=8-148#customerReviews
"HP Deskjet Ink Advantage 4178 WiFi Colour Printer, Scanner and Copier for Home/Small Office Compact Size, Automatic Document Feeder & H200 Headphones (Black) & 678 Tri-Color Ink Cartridge","10,230",3.8 out of 5 stars,"5,854",https://www.amazon.in/HP-Advantage-Automatic-Headphones-Tri-Color/dp/B0BBK95JSC/ref=sr_1_149?crid=3147Q87JZY5FV&keywords=HP+Printer&qid=1685356103&sprefix=hp+print%2Caps%2C595&sr=8-149#customerReviews
HP DeskJet 1212 Single Function Inkjet Colour Printer & HP 805 Black Inkjet & HP 805 Tricolor Inkjet Combo,"4,297",3.9 out of 5 stars,10,https://www.amazon.in/HP-DeskJet-1212-Function-Tricolor/dp/B08KH2XTPZ/ref=sr_1_150?crid=3147Q87JZY5FV&keywords=HP+Printer&qid=1685356103&sprefix=hp+print%2Caps%2C595&sr=8-150#customerReviews
"HP Ink Tank 316 AiO Printer & GT 53 XL Black Ink Bottle & GT 52 Yellow, Magenta, Cyan Ink Bottles(1 Printer+1Black Ink Bottles+3 Color Ink Bottles) Combo",,,,
"HP Deskjet Ink Advantage 2778 All-in-One Printer, Scanner and Copier, B&W Prints at Rs. 1.65/Page*, Color Prints at Rs 5/Page* & H200 Headphones (Black) & 803 Small Ink Cartridge (Black)","8,947",3.8 out of 5 stars,"2,156",https://www.amazon.in/HP-Deskjet-Advantage-Headphones-Cartridge/dp/B0BBL23FMY/ref=sr_1_152?crid=3147Q87JZY5FV&keywords=HP+Printer&qid=1685356103&sprefix=hp+print%2Caps%2C595&sr=8-152#customerReviews
"HP Deskjet 2729 WiFi Colour Printer, Scanner and Copier, Dual-Band Wi-Fi, Voice Activated Printing (Google Home and Alexa) & 805 Black Original Ink Cartridge & 805 Tri-Color Original Ink Cartridge","7,597",3.5 out of 5 stars,"2,496",https://www.amazon.in/HP-Dual-Band-Activated-Cartridge-Tri-Color/dp/B0BBKNGQL9/ref=sr_1_153?crid=3147Q87JZY5FV&keywords=HP+Printer&qid=1685356103&sprefix=hp+print%2Caps%2C595&sr=8-153#customerReviews
HP Laserjet Pro M405DW Printer,,,,
"HP Laserjet 1188nw WiFi Printer, Print Copy Scan, Compact Design, Reliable and Fast Printing, Network Support",,,,
"HP 720 WiFi Duplex Printer with Smart-Guided Button, Print, Scan, Copy and Wireless; up to 12K Black or 8K Color Pages of Ink in The Box & GT52 Ink Bottle (Yellow)","22,023",4.1 out of 5 stars,931,https://www.amazon.in/HP-Duplex-Printer-Smart-Guided-Wireless/dp/B0BK8M8MRH/ref=sr_1_161?crid=3147Q87JZY5FV&keywords=HP+Printer&qid=1685356106&sprefix=hp+print%2Caps%2C595&sr=8-161#customerReviews
"HP Smart Tank 790 WiFi Duplex Hi-Capacity Tank Printer with Magic Touch Panel with ADF, auto Ink & Paper Sensor (up to 12K Black or 8K Color Pages) & H200 Headphones (Black) & GT 53 XL Cartridge Ink","29,045",4.1 out of 5 stars,931,https://www.amazon.in/HP-Hi-Capacity-Printer-Headphones-Cartridge/dp/B0BBKLRP9N/ref=sr_1_162?crid=3147Q87JZY5FV&keywords=HP+Printer&qid=1685356106&sprefix=hp+print%2Caps%2C595&sr=8-162#customerReviews
"HP Sprocket Z3Z91A#630 - Portable Photo Printer, Print Social Media Photos (5 x 7.6 cm), White","24,599",4.5 out of 5 stars,"3,494",https://www.amazon.in/HP-Sprocket-Portable-Printer-Sticky-Backed/dp/B01LBWEMP4/ref=sr_1_163?crid=3147Q87JZY5FV&keywords=HP+Printer&qid=1685356106&sprefix=hp+print%2Caps%2C595&sr=8-163#customerReviews
"HP Laserjet Tank 1005w Printer: Print, Copy, Scan, Self Reset Dual Band WiFi, (381U4A) & 158X Black Original Laserjet Toner Reload Kit",,,,
HP Laserjet M 436NDA,"69,990",2.0 out of 5 stars,1,https://www.amazon.in/HP-Laserjet-M-436NDA/dp/B074WXD2KB/ref=sr_1_165?crid=3147Q87JZY5FV&keywords=HP+Printer&qid=1685356106&sprefix=hp+print%2Caps%2C595&sr=8-165#customerReviews
"HP Laserjet 136a Laser Monochrome Print, Scan, Copy   with USB Connectivity, Compact Design, Fast Printing & Ink Tank 316 Colour Printer, Scanner and Copier","27,365",4.0 out of 5 stars,461,https://www.amazon.in/HP-Laserjet-Monochrome-Connectivity-Printing/dp/B0BP11LN8K/ref=sr_1_161?crid=3147Q87JZY5FV&keywords=HP+Printer&qid=1685356106&sprefix=hp+print%2Caps%2C595&sr=8-161#customerReviews
"HP 158X Black Original Laserjet Toner Reload Kit & 150 Wireless Mouse with Ergonomic and ambidextrous Design, 1600 DPI Optical Tracking, 2.4 GHz Wireless connectivity","2,086",4.3 out of 5 stars,123,https://www.amazon.in/HP-Original-Ergonomic-ambidextrous-connectivity/dp/B0BK8HTBD4/ref=sr_1_162?crid=3147Q87JZY5FV&keywords=HP+Printer&qid=1685356106&sprefix=hp+print%2Caps%2C595&sr=8-162#customerReviews
"HP 14s, 11th Gen Intel Core i3-1115G4, Micro-Edge & Laserjet 108w Single Function Monochrome Laser Wi-Fi Printer for Home/Office, Compact Design, Printing","49,489",4.1 out of 5 stars,"1,371",https://www.amazon.in/HP-i3-1115G4-Micro-Edge-Laserjet-Monochrome/dp/B0C5BY5RJG/ref=sr_1_163?crid=3147Q87JZY5FV&keywords=HP+Printer&qid=1685356106&sprefix=hp+print%2Caps%2C595&sr=8-163#customerReviews
"HP Ink Tank 316 Colour Printer, Scanner and Copier, High Capacity Tank (7500 Black and 8000 Colour), Per Page (10P for B/W and 20P for Colour) & Deskjet 2332 Colour Printer & GT 53 XL Cartridge Ink","15,621",4.2 out of 5 stars,"4,549",https://www.amazon.in/HP-Printer-Scanner-Capacity-Cartridge/dp/B0BBKFLFKP/ref=sr_1_164?crid=3147Q87JZY5FV&keywords=HP+Printer&qid=1685356106&sprefix=hp+print%2Caps%2C595&sr=8-164#customerReviews
"HP Ce314A 5T Color Laserjet Cp1025 Imaging Unit Printer Cartridges, Black, Standard","7,357",4.6 out of 5 stars,716,https://www.amazon.in/Ce314A-Laserjet-Imaging-Printer-Cartridges/dp/B0044UEXT6/ref=sr_1_165?crid=3147Q87JZY5FV&keywords=HP+Printer&qid=1685356106&sprefix=hp+print%2Caps%2C595&sr=8-165#customerReviews
"HP Color Laserjet Pro M454dn Printer, Double-Sided Printing & Built-in Ethernet","1,05,500",4.3 out of 5 stars,236,https://www.amazon.in/HP-Laserjet-M454dn-Double-Sided-Printing/dp/B07RSHG542/ref=sr_1_166?crid=3147Q87JZY5FV&keywords=HP+Printer&qid=1685356106&sprefix=hp+print%2Caps%2C595&sr=8-166#customerReviews
"HP Laserjet 136w Compact Monochrome Multifunction Printer with Direct Wi-Fi & H200Gs Wired Gaming Over Ear Headphones with Mic, Soft Adaptive Suspension Headband,7.1 Stereo Surround Sound",,,,
HP Color Laserjet Enterprise M480f Multifunction Duplex Printer,,,,
"HP Ink Tank 316 Colour Printer, Scanner and Copier for Home/Office, High Capacity Tank, Per Page (10P for B/W and 20P for Colour), Borderless Printing & 802 Small Ink Cartridge - Black",,,,
"HP Deskjet Plus Ink Advantage 6075 WiFi Colour Printer, Scanner and Copier & 682 Tri-Color Original Ink Cartridge, Compatible 2335, 2338,2776,2778,6075, 4178 Printer Models",,,,
HP Laser MFP 136a Printer & HP 110A Blk Original Laser Toner Crt,"21,612",4.0 out of 5 stars,461,https://www.amazon.in/HP-Laser-Printer-Original-Toner/dp/B08KG18TBM/ref=sr_1_171?crid=3147Q87JZY5FV&keywords=HP+Printer&qid=1685356106&sprefix=hp+print%2Caps%2C595&sr=8-171#customerReviews
AB Scanner Hinge Set for HP Laserjet HP Laserjet 1130 1132 1136 1212 1213 1214 1216 1217 1218 125 126 127 128 Printer (CE841-60119) (CE847-60110) (CE841-40033),599,5.0 out of 5 stars,1,https://www.amazon.in/Laserjet-1130-CE841-60119-CE847-60110-CE841-40033/dp/B09XHMTT77/ref=sr_1_177?crid=3147Q87JZY5FV&keywords=HP+Printer&qid=1685356109&sprefix=hp+print%2Caps%2C595&sr=8-177#customerReviews
"HP 14s, 11th Gen Intel Core i3-1115G4, Micro-Edge & Laserjet 108w Single Function Monochrome Laser Wi-Fi Printer for Home/Office, Compact Design, Printing","49,489",4.1 out of 5 stars,"1,371",https://www.amazon.in/HP-i3-1115G4-Micro-Edge-Laserjet-Monochrome/dp/B0C5BY5RJG/ref=sr_1_178?crid=3147Q87JZY5FV&keywords=HP+Printer&qid=1685356109&sprefix=hp+print%2Caps%2C595&sr=8-178#customerReviews
"HP Laserjet 1188nw WiFi Printer, Print Copy Scan, Compact Design, Reliable and Fast Printing, Network Support",,,,
"HP 158X Black Original Laserjet Toner Reload Kit & 150 Wireless Mouse with Ergonomic and ambidextrous Design, 1600 DPI Optical Tracking, 2.4 GHz Wireless connectivity","2,086",4.3 out of 5 stars,123,https://www.amazon.in/HP-Original-Ergonomic-ambidextrous-connectivity/dp/B0BK8HTBD4/ref=sr_1_180?crid=3147Q87JZY5FV&keywords=HP+Printer&qid=1685356109&sprefix=hp+print%2Caps%2C595&sr=8-180#customerReviews
"HP Ink Tank 316 Colour Printer, Scanner and Copier for Home/Office, High Capacity Tank (7500 Black and 8000 Colour) Deskjet 2332 Colour Printer, Scanner and Copier for Home/Small Office","14,898",4.2 out of 5 stars,"4,549",https://www.amazon.in/HP-Printer-Scanner-Capacity-Deskjet/dp/B0BC13QFVR/ref=sr_1_181?crid=3147Q87JZY5FV&keywords=HP+Printer&qid=1685356109&sprefix=hp+print%2Caps%2C595&sr=8-181#customerReviews
"HP Laserjet Pro M126nw Monochrome Direct Wireless Network & H200Gs Wired Gaming Over Ear Headphones(8AA07AA) & Deskjet Ink Advantage 4178 WiFi Colour Printer, Scanner and Copier","30,114",4.2 out of 5 stars,"5,334",https://www.amazon.in/HP-Laserjet-Monochrome-Headphones-Advantage/dp/B0BBLZZGPC/ref=sr_1_177?crid=3147Q87JZY5FV&keywords=HP+Printer&qid=1685356109&sprefix=hp+print%2Caps%2C595&sr=8-177#customerReviews
"HP Laserjet Pro M126nw Monochrome Direct Wireless Network, Laser Multifunction Printer & 805 Black Original Ink Cartridge & Deskjet Ink Advantage 4178 WiFi Colour Printer, Scanner and Copier","29,526",4.2 out of 5 stars,"5,334",https://www.amazon.in/HP-Monochrome-Multifunction-Cartridge-Advantage/dp/B0BBLY57KK/ref=sr_1_178?crid=3147Q87JZY5FV&keywords=HP+Printer&qid=1685356109&sprefix=hp+print%2Caps%2C595&sr=8-178#customerReviews
"HP Ink Tank 530 Color Printer, Scanner, Copier &Compact, Easy Mobile Printing, Affordable & H200Gs Wired Gaming Over Ear Headphones Soft Adaptive Suspension Headband with 7.1 Stereo Surround Sound",,,,
"HP Laserjet Pro M126nw Monochrome Direct Wireless Network, Laser Multifunction Printer & H200Gs Wired Gaming Over Ear Headphones with Mic, Soft Adaptive Suspension Headband with USB7.1 Output,",,,,
HP 56X High Yield Black LaserJet Toner Cartridge (CF256X),"11,500",4.5 out of 5 stars,5,https://www.amazon.in/Yield-Black-LaserJet-Cartridge-CF256X/dp/B0745Z6PNV/ref=sr_1_181?crid=3147Q87JZY5FV&keywords=HP+Printer&qid=1685356109&sprefix=hp+print%2Caps%2C595&sr=8-181#customerReviews
"HP 15s, Ryzen 5-5500U, Micro-Edge & Deskjet 2723 Printer, Copy, Scan, Dual Band WiFi, Bluetooth, USB, Simple Setup Smart App, Ideal for Home.","55,989",4.2 out of 5 stars,856,https://www.amazon.in/HP-5-5500U-Micro-Edge-Deskjet-Bluetooth/dp/B0C5BT1DNR/ref=sr_1_182?crid=3147Q87JZY5FV&keywords=HP+Printer&qid=1685356109&sprefix=hp+print%2Caps%2C595&sr=8-182#customerReviews
"HP Laserjet 136a Laser Monochrome Print, Scan, Copy   with USB Connectivity, Compact Design, Fast Printing & Ink Tank 315 Color Printer, Scanner, & Copier with High Capacity Tank",,,,
"HP Black/Tri Color Combo Printhead DeskJet GT5810 / GT5820 Series, Ink Tank 110/310/410 Series, Smart Tank 300/400 Series & HP GT52 Ink Bottle (Cyan)","2,383",4.1 out of 5 stars,"1,433",https://www.amazon.in/HP-Printhead-DeskJet-GT5810-GT5820/dp/B0BNVVF4M1/ref=sr_1_184?crid=3147Q87JZY5FV&keywords=HP+Printer&qid=1685356109&sprefix=hp+print%2Caps%2C595&sr=8-184#customerReviews
"HP Laserjet 138fnw Monochrome Compact Wi-Fi Printer with Network Support & H200Gs Wired Gaming Over Ear Headphones with Mic, Lightweight Design, Soft Adaptive Suspension Headband with USB7.1 Output","22,148",4.0 out of 5 stars,"1,150",https://www.amazon.in/HP-Monochrome-Headphones-Lightweight-Suspension/dp/B0BK8MMDXH/ref=sr_1_185?crid=3147Q87JZY5FV&keywords=HP+Printer&qid=1685356109&sprefix=hp+print%2Caps%2C595&sr=8-185#customerReviews
"HP 14s, 11th Gen Intel Core i3-1115G4, Micro-Edge & Laserjet 136w Compact Monochrome Multifunction Printer with Direct Wi-Fi (Print, Scan, Copy)","52,969",4.1 out of 5 stars,"1,371",https://www.amazon.in/HP-i3-1115G4-Micro-Edge-Monochrome-Multifunction/dp/B0C5BYYQN6/ref=sr_1_186?crid=3147Q87JZY5FV&keywords=HP+Printer&qid=1685356109&sprefix=hp+print%2Caps%2C595&sr=8-186#customerReviews
"HP Ink Tank 316 Colour Printer, Scanner And Copier & H200Gs Wired Gaming Over Ear Headphones with Mic, Lightweight Design,Soft Adaptive Suspension Headband with USB7.1 Output,7.1 Stereo Surround Sound",,,,
"HP Laserjet 136a Laser Monochrome Print, Scan, Copy   with USB Connectivity, Compact Design, Fast Printing & Ink Tank 315 Color Printer, Scanner, & Copier with High Capacity Tank",,,,
"HP Ink Tank 316 Colour Printer, Scanner And Copier & H200Gs Wired Gaming Over Ear Headphones with Mic, Lightweight Design,Soft Adaptive Suspension Headband with USB7.1 Output,7.1 Stereo Surround Sound",,,,
Trailing Cable for HP Designjet T830 520 Printer Plotter Part,"1,199",1.0 out of 5 stars,1,https://www.amazon.in/Trailing-Cable-Designjet-Printer-Plotter/dp/B07JQBQXBD/ref=sr_1_195?crid=3147Q87JZY5FV&keywords=HP+Printer&qid=1685356112&sprefix=hp+print%2Caps%2C595&sr=8-195#customerReviews
HP 932XL-933XL 4 Pack Set- Black and Color Inkjet Set 1 HP 932XL Black CB053AN,"11,132",4.6 out of 5 stars,"7,292",https://www.amazon.in/HP-932XL-933XL-Black-Inkjet-CB053AN/dp/B00FSBC9VO/ref=sr_1_196?crid=3147Q87JZY5FV&keywords=HP+Printer&qid=1685356112&sprefix=hp+print%2Caps%2C595&sr=8-196#customerReviews
Encoder Strip for HP Designjet 500 42Inch Big Size A0 Plotter Parts,"2,249",5.0 out of 5 stars,2,https://www.amazon.in/Encoder-Strip-Designjet-42Inch-Plotter/dp/B081M7KWLL/ref=sr_1_197?crid=3147Q87JZY5FV&keywords=HP+Printer&qid=1685356112&sprefix=hp+print%2Caps%2C595&sr=8-197#customerReviews
"HP Black/Tri Color Combo Printhead DeskJet GT5810 / GT5820 Series, Ink Tank 110/310/410 Series, Smart Tank 300/400 Series & HP 46 Tri-Color Original Ink Advantage Cartridge","2,760",4.1 out of 5 stars,"1,433",https://www.amazon.in/HP-Printhead-Tri-Color-Advantage-Cartridge/dp/B0BNW1NN59/ref=sr_1_193?crid=3147Q87JZY5FV&keywords=HP+Printer&qid=1685356112&sprefix=hp+print%2Caps%2C595&sr=8-193#customerReviews
HP 702304-002 702304-002,"26,950",5.0 out of 5 stars,1,https://www.amazon.in/HP-702304-002/dp/B014VUJIP2/ref=sr_1_194?crid=3147Q87JZY5FV&keywords=HP+Printer&qid=1685356112&sprefix=hp+print%2Caps%2C595&sr=8-194#customerReviews
"HP Black/Tri Color Combo Printhead DeskJet GT5810 / GT5820 Series, Ink Tank 110/310/410 Series, Smart Tank 300/400 Series & HP 678 Tri-Color Ink Cartridge","2,751",4.1 out of 5 stars,"1,433",https://www.amazon.in/HP-Printhead-DeskJet-Tri-Color-Cartridge/dp/B0BNVY99LL/ref=sr_1_195?crid=3147Q87JZY5FV&keywords=HP+Printer&qid=1685356112&sprefix=hp+print%2Caps%2C595&sr=8-195#customerReviews
"HP Black/Tri Color Combo Printhead DeskJet GT5810 / GT5820 Series, Ink Tank 110/310/410 Series, Smart Tank 300/400 Series & HP GT52 Ink Bottle (Yellow)","2,383",4.1 out of 5 stars,"1,433",https://www.amazon.in/HP-Printhead-DeskJet-GT5810-GT5820/dp/B0BNVXY74Q/ref=sr_1_196?crid=3147Q87JZY5FV&keywords=HP+Printer&qid=1685356112&sprefix=hp+print%2Caps%2C595&sr=8-196#customerReviews
AB MOTER Drive Gear for Use in Samsng Laser Printer 1666/1866/1660 Printer Accessories,499,5.0 out of 5 stars,1,https://www.amazon.in/MOTER-Samsng-Printer-1666-Accessories/dp/B09ZQT9H77/ref=sr_1_197?crid=3147Q87JZY5FV&keywords=HP+Printer&qid=1685356112&sprefix=hp+print%2Caps%2C595&sr=8-197#customerReviews
CPS Trailing Cable for HP Designjet T120 T520 24Inch A1 CQ890-67005,,,,
AB Main Gear Compatible for HP 1010 1020 1012 1015 1018 M1005 LBP 2900,,,,
"AB Reset Drum Chip for Samsung M2826ND / M2876FH, (Set of 2Chip)",,,,
AB Teflon Fuser Film Sleeve LBP 2900 3000 LBP3000 3112 1210 i-SENSYS LBP-6000/6000B/6020/6020B lbp-6000/6000b/6018 mf-3010,299,2.8 out of 5 stars,2,https://www.amazon.in/LBP-2900-i-SENSYS-LBP-6000-lbp-6000/dp/B09T9Q3W57/ref=sr_1_201?crid=3147Q87JZY5FV&keywords=HP+Printer&qid=1685356112&sprefix=hp+print%2Caps%2C595&sr=8-201#customerReviews
